"neighborhood","children","youth","working_age","preretired_age","senior","older_senior","drive_commute","passenger_commute","transit_commute","walk_commute","bike_commute","15min_commute","30min_commute","45min_commute","60min_commute","over_60min_commute","unemployment_female","employment_male","work_at_home","no_fixed_workplace","work_outside_canada","avg_total_income","avg_employment_income","avg_investment_income"
"Agincourt.North",0.131899838560093,0.127262734860715,0.388314498677567,0.145295915913853,0.207639198983272,0.0317727475698142,0.245766496067049,0.0319444921512726,0.115068869577165,0.00910246281729812,0.00240442414041837,0.0553017552296225,0.109057809226119,0.100985813897572,0.0484319719712843,0.091711606498815,0.000364098512691925,0.000309140246625219,0.0200941160306392,0.0511798852746196,0.00377838079208601,30414,31860,3646
"Agincourt.South.Malvern.West",0.129435534789746,0.141431998989771,0.419455318432462,0.137433177589763,0.172791177337206,0.0233615355474176,0.258239676726859,0.0279917498000589,0.125647177673949,0.0117859999158143,0.00147324998947679,0.0612451067053921,0.1151239634634,0.105863534958118,0.0517742139158985,0.0938670707580923,0.000454602853895694,0.000370417140211306,0.0265184998105821,0.0574567495895946,0.00315696426316454,31825,33908,4380
"Alderwood",0.14600962336154,0.102455616392899,0.433051269288203,0.151402024224324,0.167164426746308,0.0265472042475527,0.339306454289033,0.0294508047121288,0.106603617056579,0.0161772025883524,0.00539240086278414,0.100381616061059,0.150572424091588,0.124025219844035,0.0522648083623693,0.0742492118798739,0.000564128090260494,0.000447984071677451,0.0294508047121288,0.0738344118135059,0,47709,49899,4820
"Annex",0.0773111445980476,0.122846098407915,0.492694752014676,0.114001179322545,0.193605451090873,0.0340693179584616,0.10777697700321,0.00950009827687873,0.203105549367752,0.10482867064142,0.0548712572888685,0.0763283758107842,0.205071086942279,0.131035838301776,0.0461901330013759,0.0296468584157767,0.000219485029155474,0.000226036821070563,0.0730524798532399,0.0447159798204809,0.0058966127235799,112766,102593,44538
"Banbury.Don.Mills",0.130167900343022,0.0985737497743275,0.390323163025817,0.128362520310525,0.251850514533309,0.0592164650658964,0.258169344647048,0.0180538003249684,0.106336883914064,0.0222061743997111,0.00234699404224589,0.0612023831016429,0.12547391225853,0.112294638021303,0.0556057050009027,0.0565083950171511,0.000296082325329482,0.000231088644159596,0.0534392489619065,0.0431485827766745,0.00469398808449179,67757,63371,20893
"Bathurst.Manor",0.146475146475146,0.122220122220122,0.419265419265419,0.127890127890128,0.185220185220185,0.0447300447300447,0.246330246330246,0.0166950166950167,0.180810180810181,0.0135450135450135,0.000945000945000945,0.0535500535500536,0.11025011025011,0.133560133560134,0.0922950922950923,0.0743400743400743,0.000485100485100485,0.00040950040950041,0.0387450387450387,0.0696150696150696,0.00157500157500157,45936,46786,10273
"Bay.Street.Corridor",0.0657053145714618,0.265922394076831,0.506454238864984,0.0682249874016359,0.0938093576772493,0.0127921851378067,0.0690002713493817,0.00639609256890336,0.137225258751018,0.226382912741792,0.0125983641508703,0.123076326704656,0.189944567197736,0.0852812342520448,0.0267472961972322,0.0331433887661356,0.000430282590998953,0.000368259875179284,0.053300771407528,0.0329495677791991,0.0102725123076327,56526,63009,17050
"Bayview.Village",0.112871564778463,0.117077958496915,0.481865769302673,0.118713778276313,0.168956814357824,0.0285100018695083,0.246307721069359,0.0179940175733782,0.172695830996448,0.0161245092540662,0.00140213123948402,0.0401944288652085,0.119648532435969,0.143251074967284,0.087165825387923,0.0691718078145448,0.000401944288652084,0.000317816414283044,0.0486072163021125,0.0427650028042625,0.00537483641802206,52035,51853,14638
"Bayview.Woods.Steeles",0.115174091531093,0.124296791850388,0.341341036946936,0.138741067355937,0.280142922305002,0.0562566519689828,0.2219857077695,0.018245400638589,0.122396229283868,0.00836247529268663,0.000760225026607876,0.036490801277178,0.105291166185191,0.10034970351224,0.0585373270488064,0.0760225026607876,0.00073741827580964,0.000478941766762962,0.0501748517561198,0.0406720389235214,0.00646191272616695,47246,45292,11674
"Bedford.Park.Nortown",0.196032019280427,0.138147701841969,0.361938371492512,0.132337751764503,0.171285935617146,0.0284042003787227,0.255637803408504,0.0152780168703736,0.103933551385781,0.0236701669822689,0.003873300051644,0.0671372008951627,0.131692201755896,0.128894818385264,0.0516440006885867,0.0312015837493545,0.000241005336546738,0.000228094336374591,0.0673523842313651,0.0335686004475813,0.00430366672404889,123077,112273,41765
"Beechborough.Greenbrook",0.170290405960164,0.129998479549947,0.418123764634332,0.134559829709594,0.14672343013532,0.0220465257716284,0.187775581572145,0.0266078759312757,0.168009730880341,0.0152045005321575,0.0030409001064315,0.0387714763570017,0.0828645279002585,0.119355329177437,0.0699407024479246,0.0935076782727687,0.00206781207237342,0.00136840504789418,0.0159647255587654,0.0745020526075718,0,33829,35218,5056
"Bendale",0.151869158878505,0.153704939919893,0.402202937249666,0.117990654205607,0.175233644859813,0.0300400534045394,0.215787716955941,0.020694259012016,0.156208277703605,0.0173564753004005,0.00150200267022697,0.0524032042723631,0.0949599465954606,0.103805073431242,0.0634178905206943,0.100133511348465,0.000283711615487316,0.000300400534045394,0.0176902536715621,0.0580774365821095,0.00250333778371162,33256,35897,2951
"Birchcliffe.Cliffside",0.15006056255888,0.109461217531739,0.407114979139563,0.157911264635952,0.17540711497914,0.0282625274774573,0.255484276165268,0.0215333542685389,0.144004306670854,0.0186173792113409,0.00628056166165717,0.0569736665021758,0.108563994437217,0.12426539859136,0.0785070207707146,0.0847875824323718,0.000372347584226818,0.000399264277062492,0.0361132295545287,0.0563007491812839,0.00179444618904491,54360,57365,5741
"Black.Creek",0.211620738832406,0.151354832773612,0.392188434466578,0.111560932971431,0.132032939228044,0.0170216681234761,0.185858214104982,0.0338133137047431,0.12513226296177,0.0112711045682477,0.00391038321755532,0.0439343055619451,0.105580346873994,0.0940792197635368,0.0402539448865989,0.0802778672309886,0.000648663569029765,0.000519850945392648,0.00920090168836546,0.0600358835165846,0,25989,27575,1613
"Blake.Jones",0.181829946939304,0.11453345412191,0.466545878089815,0.121651352400673,0.115827617445322,0.0148828782192313,0.139122557266727,0.0148828782192313,0.207713213407532,0.0291186747767568,0.0394719813640481,0.0446486346576938,0.124886760709202,0.155946680471075,0.0666494111556878,0.0433544713342824,0.000944739226090333,0.00122945515724084,0.0459427979811052,0.0595315128769251,0.00129416332341141,48511,53921,5666
"Briar.Hill.Belgravia",0.130111524163569,0.116083327488251,0.472750227958196,0.13502139299993,0.147296065090833,0.0217437048467419,0.201304622290805,0.021392999929859,0.25215683523883,0.021392999929859,0.00420845900259522,0.0424352949428351,0.107315704566178,0.18166514694536,0.0866241144700849,0.0883776390544995,0.000617240653713965,0.000603212457038648,0.0280563933506348,0.075401557129831,0.0010521147506488,34768,36740,3032
"Bridle.Path.Sunnybrook.York.Mills",0.154867256637168,0.153788042305202,0.333477228577595,0.164580185624865,0.19263975825599,0.026440751133175,0.241744010360458,0.0151090006475286,0.0625944312540471,0.0178070364774444,0.00377725016188215,0.0447873947766026,0.11601554068638,0.130045327001943,0.0366932872868552,0.0205050723073602,0.0008525793222534,0.000863371465573063,0.0917332182171379,0.029678394129074,0.00971292898769696,308010,308154,104514
"Broadview.North",0.127837203235064,0.0904426471867119,0.49395599617358,0.124793460300896,0.162188016349248,0.0221758413775111,0.174797808505087,0.0143490738325072,0.235672667188451,0.030002608922515,0.0256544047308462,0.0513088094616923,0.132185407426733,0.173493347247587,0.0791373162883729,0.0513088094616923,0.000747891120967041,0.000678319853900339,0.0369597356291851,0.0643534220366988,0.00217410209583442,44557,47698,4268
"Brookhaven.Amesbury",0.189221152221659,0.138536915019429,0.429408120741116,0.123050064763192,0.119952694711945,0.0160500084473729,0.215408008109478,0.0222447485498677,0.190347468603931,0.0143605338739652,0.00140789547783973,0.0428000225263276,0.103057948977868,0.124457960241032,0.0734921439432337,0.102494790786732,0.000568789773047249,0.000546263445401813,0.0143605338739652,0.0785605676634567,0.00056315819113589,32483,32454,8529
"Cabbagetown.South.St..James.Town",0.068557717028023,0.0886965464050047,0.501756791498843,0.146970605878824,0.192818579141315,0.0261376296169338,0.110977804439112,0.0102836575542034,0.172251264032908,0.154683349044477,0.0608449738623704,0.0771274316565258,0.211671951324021,0.145685148684549,0.0437055446053646,0.0407061444853886,0.00062558916788071,0.00074556517267975,0.0514182877710172,0.0398491730225383,0.00342788585140115,63012,63274,12999
"Caledonia.Fairbank",0.149673530889001,0.122551481667504,0.459065796082371,0.135610246107484,0.133098945253641,0.0165745856353591,0.207935710698142,0.0472124560522351,0.213962832747363,0.0160723254645907,0.00703164239075841,0.0346559517830236,0.103465595178302,0.152184831742843,0.104972375690608,0.103465595178302,0.00083375188347564,0.00060271220492215,0.0170768458061276,0.12054244098443,0.00150678051230537,35112,37774,2837
"Casa.Loma",0.109409190371991,0.0984682713347921,0.415299051787017,0.133570386579139,0.24389132020423,0.0360138584974471,0.185995623632385,0.0118526622902991,0.179613420860686,0.0574398249452954,0.0196024799416484,0.0592633114514953,0.180069292487236,0.152261123267688,0.0528811086797958,0.0200583515681984,0.00062910284463895,0.000565280816921955,0.0825127644055434,0.0337345003646973,0.00592633114514953,165047,146115,74095
"Centennial.Scarborough",0.160904056279,0.138452327495884,0.376440652596917,0.146310432569975,0.178491243825775,0.0119742553509954,0.295988624457417,0.0261936835803024,0.125355485705733,0.00823230055380931,0,0.0501421942822931,0.109639275557551,0.105523125280647,0.0692261637479419,0.127600658584044,0.000681035773087861,0.00046400239485107,0.0336775931746744,0.0542583445591977,0.00149678191887442,54045,53559,5203
"Church.Yonge.Corridor",0.0402042118698149,0.161455009572431,0.599234205488194,0.103222718570517,0.0960433950223357,0.00797702616464582,0.0863114231014678,0.0078174856413529,0.223356732610083,0.232131461391193,0.0220165922144225,0.119336311423101,0.233248245054244,0.129546904913848,0.0461072112316528,0.0491384811742182,0.000296745373324825,0.000252074026802808,0.0544033184428845,0.0417996171027441,0.00478621569878749,53583,55168,9404
"Clairlea.Birchmount",0.169174325526238,0.129521197746813,0.442484435220872,0.124518233026979,0.134524162466647,0.0244589386302994,0.217165727838719,0.0207530388378298,0.201415653720723,0.0126000592943967,0.00333530981322265,0.0502149421879632,0.095612214645716,0.130077082715683,0.0983916394900682,0.0854209902164245,0.000348354580492143,0.000307589682774978,0.0187147939519715,0.0572561517936555,0.00259412985472873,36232,38852,2155
"Clanton.Park",0.167860611947547,0.115954346770277,0.453496843127732,0.117472073822244,0.144184069936863,0.0242836328314716,0.254674599320058,0.0169985429820301,0.196090335114133,0.0121418164157358,0.00485672656629432,0.0664764448761535,0.136898980087421,0.146308887809616,0.0740650801359883,0.0661728994657601,0.000297474502185527,0.000455318115590092,0.0358183584264206,0.0558523555123847,0.00273190869354055,51181,50564,12237
"Cliffcrest",0.161593975525573,0.134609350486351,0.38092249764669,0.153435833071854,0.169124568559774,0.0232193285221211,0.249137119548164,0.0163162849074365,0.145591465327895,0.0106683401317854,0.00219642296830875,0.0476937558832758,0.112958895513022,0.108252274866646,0.0702855349858801,0.0875431440225918,0.000614998431126451,0.000596171948540948,0.0357703169124569,0.0555381236272356,0.00345152180734233,44718,45539,6613
"Corso.Italia.Davenport",0.135144696808887,0.109318616005094,0.490341753343239,0.123116111229038,0.142574117314088,0.0212269157291446,0.210854029576169,0.0353781928819076,0.213684285006722,0.023349607302059,0.0251185169461544,0.037500884454822,0.109318616005094,0.184674166843558,0.0948135569235123,0.0859690087030354,0.000523597254652232,0.000495294700346706,0.0300714639496215,0.102242977428713,0.00212269157291446,41717,44480,5538
"Danforth",0.173287812952617,0.0951789778605421,0.452100144837575,0.123629215807987,0.156734947237741,0.0201738050900062,0.15983860955928,0.016035588661287,0.236912890544175,0.0305193461618043,0.0305193461618043,0.0450031036623215,0.132940202772605,0.192944340989034,0.0677632940202773,0.0393130560728326,0.000610386923236085,0.000662114628595076,0.0491413200910408,0.0486240430374509,0.00103455410717981,55225,60085,5529
"Danforth.East.York",0.175785797438882,0.0844004656577416,0.461583236321304,0.124272409778813,0.15454016298021,0.0212456344586729,0.19674039580908,0.0206635622817229,0.19615832363213,0.0247380675203725,0.0232828870779977,0.0491850989522701,0.136204889406286,0.162689173457509,0.0736321303841676,0.0456926658905704,0.000366705471478463,0.000442374854481956,0.039871944121071,0.0550058207217695,0.00174621653084983,51846,56057,5183
"Don.Valley.Village",0.150271708994122,0.121252449077668,0.438431111604007,0.11626187571624,0.173745887397878,0.0245831947062955,0.216073342944808,0.018853277143174,0.170234002439836,0.0138627037817456,0.000739344201693098,0.0386307345384644,0.108498761598462,0.110901630253965,0.0645077815977228,0.101844663783224,0.000354885216812687,0.000351188495804222,0.0332704890761894,0.05249343832021,0.00628442571439133,37379,38701,6566
"Dorset.Park",0.169979602447706,0.126184857817062,0.419349678038635,0.13318401791785,0.151181858177019,0.0315962084549854,0.223173219213694,0.0239971203455585,0.170179578450586,0.0175978882534096,0.0021997360316762,0.0561932568091829,0.106787185537735,0.11018677758669,0.070591529016518,0.0963884333879934,0.000363956325240971,0.000403951525816902,0.0165980082390113,0.060792704875415,0.00359956805183378,31692,34113,2308
"Dovercourt.Wallace.Emerson.Junction",0.122320819112628,0.107167235494881,0.540341296928328,0.107440273037543,0.123276450511945,0.0162457337883959,0.159044368600683,0.0223890784982935,0.244368600682594,0.0331740614334471,0.054061433447099,0.042320819112628,0.145665529010239,0.1819795221843,0.0834129692832764,0.0675767918088737,0.00018839590443686,0.000207508532423208,0.0417747440273038,0.0835494880546075,0.00273037542662116,39740,42687,3777
"Downsview.Roding.CFB",0.163328768686523,0.123816044733539,0.429219445395413,0.124957206436152,0.15790825059911,0.0248202670318384,0.239786602761611,0.0302407851192514,0.173599224010042,0.0131233595800525,0.000285290425653315,0.0457891133173571,0.117967591007646,0.124529270797672,0.0730343489672487,0.0998516489786603,0.000216820723496519,0.000228232340522652,0.0121248430902659,0.083732739929248,0.000855871276959945,34168,36227,3639
"Dufferin.Grove",0.109036911327959,0.0903691132795927,0.566822231650403,0.104794229953331,0.128553245651252,0.0148493848112007,0.140432753500212,0.0156979210861264,0.255409418752652,0.0509121764955452,0.0657615613067459,0.0534577853203224,0.155706406448876,0.181586762834111,0.0776410691557064,0.0657615613067459,0.000610946117946542,0.000661858294442087,0.0568519304200255,0.0835808230801867,0.00169707254985151,40588,42507,5021
"East.End.Danforth",0.174687806931388,0.103362798746551,0.467237266732145,0.13119124456293,0.12394181750152,0.0144988541228193,0.193863710771246,0.0170712314671905,0.206257892521398,0.0285300032739348,0.0170712314671905,0.0500444319723119,0.109442963378701,0.15551190309153,0.0947102567700295,0.0603339413497965,0.000364809877929002,0.000406903325382349,0.0481736120854965,0.0540199242317946,0.00210467237266732,54324,58664,7144
"Edenbridge.Humber.Valley",0.136466044415835,0.116189250080463,0.38236240746701,0.153524299967815,0.211779851947216,0.0428065658191181,0.289024782748632,0.0222079176054071,0.129385259092372,0.0112648857418732,0.00257483102671387,0.0521403282909559,0.128741551335694,0.133247505632443,0.0769230769230769,0.0663018989378822,0.000418410041841004,0.000366913421306727,0.0498873511425813,0.0611522368844545,0.00225297714837464,101551,94418,41239
"Eglinton.East",0.183526519142958,0.1374253600281,0.403055848261328,0.124034070951879,0.153890059711978,0.0245872848612575,0.172989111345276,0.0195381102915349,0.201747453459782,0.00856164383561644,0.00043905865823674,0.0412715138742536,0.0807867931155602,0.10098349139445,0.0772743238496663,0.106910783280646,0.000513698630136986,0.000430277485072006,0.0111959957850369,0.0524675096592905,0.000878117316473481,30033,31208,2526
"Elms.Old.Rexdale",0.190884094754653,0.152284263959391,0.391285956006768,0.132719966159052,0.134835025380711,0.015334179357022,0.248519458544839,0.0264382402707276,0.140651438240271,0.00740270727580372,0.00211505922165821,0.0385998307952623,0.140122673434856,0.102051607445008,0.0571065989847716,0.0893612521150592,0.000983502538071066,0.00111040609137056,0.0116328257191201,0.0703257191201354,0.00211505922165821,32012,33188,3017
"Englemount.Lawrence",0.214777400321831,0.135437153584838,0.374798855712498,0.108617915251207,0.166502771321294,0.0426872876810299,0.173878061863043,0.0118451635973538,0.176336492043626,0.0263722510280708,0.00379939209726444,0.0654836402646165,0.0923028785982478,0.121133559806901,0.0692830323618809,0.0509565528338995,0.000379939209726444,0.000406758448060075,0.0379939209726444,0.0484981226533166,0.00111746826390131,48134,44910,19050
"Eringate.Centennial.West.Deane",0.141758123520551,0.129384549171508,0.371745211964708,0.153593716376157,0.20255003227889,0.0303959543791694,0.321712933075102,0.0250161394448031,0.104637400473424,0.00968366688185926,0.00188293522702819,0.0755863998278459,0.151979771895847,0.100333548525931,0.0543361308370992,0.0828491499892404,0.000392726490208737,0.000398106305143103,0.0346998063266624,0.0562190660641274,0.00268990746718313,47002,46587,5857
"Etobicoke.West.Mall",0.143062120189061,0.12322754895341,0.424122214719784,0.135043889264011,0.173869007427414,0.0426232275489534,0.268821742066171,0.0265867656988521,0.147704253882512,0.0168804861580014,0.00548615800135044,0.0784942606347063,0.131667792032411,0.0987508440243079,0.0611917623227549,0.0987508440243079,0.000607697501688049,0.000708980418636057,0.0274307900067522,0.0641458474004051,0.00295408507765024,38255,39198,3480
"Flemingdon.Park",0.199927050563078,0.139515798112433,0.41877536132768,0.106460584507363,0.135868326266357,0.0129941184516482,0.168923539871427,0.0118542834997492,0.1759905165732,0.0184653262207632,0.00227966990379793,0.0487849359412757,0.0857155883828022,0.0911867961519172,0.0736333378926731,0.0832079514886244,0.000483290019605161,0.000474171339989969,0.019833128163042,0.0565358136141887,0.00205170291341814,28654,30763,2946
"Forest.Hill.North",0.16086209589255,0.117132594096517,0.420896454786819,0.134702483210995,0.166718725597376,0.0273309386225207,0.227237232547243,0.0144463532719038,0.212400437295018,0.0218647508980166,0.00741839762611276,0.0577854130876152,0.137045135092925,0.176089333125098,0.0710604404185538,0.0488052475402155,0.000616898328908324,0.000570045291269717,0.0484148055598938,0.0441199437763548,0.00390441980321724,85099,74708,41604
"Forest.Hill.South",0.127189713007827,0.126257920238539,0.394614237793515,0.142564293701081,0.210585165859113,0.0302832650018636,0.21943719716735,0.0093179276928811,0.170518076779724,0.0265560939247111,0.0139768915393217,0.0610324263883712,0.18263138278047,0.129985091315691,0.0409988818486769,0.0344763324636601,0.00050316809541558,0.000531121878494223,0.084793142005218,0.0368058143868804,0.00512486023108461,204521,164751,102730
"Glenfield.Jane.Heights",0.189892099307993,0.148240464399331,0.380112164245187,0.118231609327342,0.164146797415631,0.0229575940441442,0.203502672919878,0.0319766488472008,0.130038371978617,0.00918303761765767,0.00180381096061133,0.0409957036502575,0.107736709192877,0.0997015512774261,0.04935882719491,0.0811714932275098,0.000419796005378636,0.000334524941786101,0.0101669345052638,0.0610016070315831,0.0016398281460103,27984,29386,2423
"Greenwood.Coxwell",0.17063189290421,0.0905181383089408,0.502184920579871,0.122424915030866,0.113754595269474,0.0138725116182285,0.166123326628286,0.0190747034750642,0.211555802177984,0.0336408406742041,0.0402302836928626,0.0485537906637997,0.128667545259069,0.161614760352362,0.0762988139002566,0.0624263022820282,0.000534091697301796,0.000464729139210654,0.0520219185683568,0.0541027953110911,0.00242768953318998,46206,51648,4623
"Guildwood",0.130583845921145,0.107391348189977,0.33982051023495,0.156801452052032,0.265705354441867,0.0544519511949178,0.251083997176565,0.0176464656650197,0.133104769587577,0.0131088030654432,0.00100836946657255,0.0418473328627609,0.0872239588585258,0.110416456589694,0.0680649389936473,0.11243319552284,0.000847030351920944,0.000746193405263689,0.038318039729757,0.0499142885953413,0.00352929313300393,53203,51960,5835
"Henry.Farm",0.159320740316733,0.148190548877441,0.511670800737773,0.0884055205749539,0.092857597150671,0.00858614768174013,0.197481396680023,0.0206703555301151,0.217833746740444,0.0216243719391974,0.00127202187877631,0.0464287985753355,0.114163963620174,0.121796094892832,0.0788653564841315,0.100489728423329,0.000737772689690263,0.000585130064237105,0.0232143992876677,0.0489728423328881,0.0060421039241875,36359,40242,4445
"High.Park.North",0.128598501940258,0.0852811118130133,0.526125800920495,0.116641097373883,0.143488854796499,0.0248172547604007,0.165373161267034,0.0106037361248985,0.282465481454742,0.0234635863189243,0.0254940889811389,0.034744156664561,0.113256926270192,0.205757603104413,0.104458081400596,0.0534699034383178,0.00027073368829528,0.000374514935475138,0.0588845772042234,0.0593358000180489,0.00360978251060374,57465,58349,8149
"High.Park.Swansea",0.147962382445141,0.0888192267502612,0.483594566353187,0.119958202716823,0.158829676071055,0.0315569487983281,0.221943573667712,0.0144200626959248,0.197492163009404,0.025914315569488,0.0338557993730407,0.0445141065830721,0.126436781609195,0.185788923719958,0.0950888192267503,0.0478578892371996,0.000267502612330199,0.000234064785788924,0.0693834900731452,0.0499477533960293,0.00229885057471264,71204,70201,13462
"Highland.Creek",0.123659356491116,0.154073955498639,0.369777493196734,0.16167760525052,0.19169201216584,0.0152072995037618,0.30454618216744,0.0260124859932768,0.11845685929246,0.00600288138306387,0.00200096046102129,0.0500240115255323,0.116856090923643,0.116055706739235,0.0540259324475748,0.120858011845686,0.000640307347526813,0.000712341924123579,0.0240115255322555,0.0504242036177365,0.00520249719865535,40972,40718,5276
"Hillcrest.Village",0.124896657611905,0.128144561237747,0.357859926774536,0.133754576591473,0.254222274713594,0.0372032597141845,0.218200070863352,0.0188968938230778,0.128144561237747,0.0106295027754813,0.000590527931971182,0.0327743002244006,0.10511397189087,0.0953702610133459,0.0540333057753632,0.09241762135349,0.00051966458013464,0.000478327624896658,0.0416322192039683,0.0442895948978387,0.00826739104759655,40442,41429,9349
"Humber.Heights.Westmount",0.13244428206065,0.104128607964925,0.346181951041286,0.137924735111436,0.278132992327366,0.0867738399707709,0.255754475703325,0.0187248812568506,0.109609061015711,0.00593715747168433,0.000913408841797589,0.0328827183047132,0.128333942272561,0.115089514066496,0.0543478260869565,0.0675922542930216,0.000584581658750457,0.000767263427109974,0.0347095359883084,0.0630252100840336,0.00137011326269638,45615,45831,7349
"Humber.Summit",0.173566365979381,0.138530927835052,0.391027706185567,0.105911726804124,0.191688144329897,0.0209407216494845,0.259745489690722,0.0293975515463918,0.10510631443299,0.0076514175257732,0.000805412371134021,0.0543653350515464,0.122422680412371,0.101481958762887,0.039867912371134,0.0873872422680412,0.000716817010309278,0.000821520618556701,0.0120811855670103,0.076514175257732,0.00120811855670103,30731,32617,3538
"Humbermede",0.189449983917658,0.143132840141525,0.414602766162753,0.113219684786105,0.138951431328401,0.0167256352524928,0.252492762946285,0.0324863300096494,0.133161788356385,0.00739787713091026,0.00128658732711483,0.0456738501125764,0.127693792216147,0.118366034094564,0.050498552589257,0.0887745255709231,0.000707623029913155,0.000604696043743969,0.00836281762624638,0.0620778385332904,0.00128658732711483,29528,31321,2453
"Humewood.Cedarvale",0.150713539853811,0.112077967281587,0.487643578141316,0.114862513052558,0.135050469892099,0.0194918203967978,0.179951270449008,0.0191437521754264,0.259310824921685,0.031326139923425,0.0194918203967978,0.0462930734423947,0.139923424991298,0.202227636616777,0.0737904629307344,0.0556909154194222,0.000487295509919944,0.0005012182387748,0.054646710755308,0.0522102332057083,0.00208840932822833,65274,62707,17835
"Ionview",0.169342423575984,0.120592331940474,0.443515871270435,0.126090462576057,0.138552892016714,0.0179605600762407,0.178872516677663,0.0186936441609853,0.221757935635217,0.0172274759914962,0.00219925225423356,0.0586467267795616,0.0905358844659482,0.112894949050656,0.0857708379151089,0.098599809398138,0.00073308408474452,0.000571805586100726,0.0139285976101459,0.0579136426948171,0.00146616816948904,31383,33307,2510
"Islington.City.Centre.West",0.1323780279768,0.106789491641078,0.469464346639372,0.122824974411464,0.168429432503127,0.0336631411349937,0.267826680313886,0.0221767314909587,0.18662572500853,0.0180825656772433,0.00204708290685773,0.0612987603775731,0.134993745024451,0.131809393836006,0.0970089844194245,0.0764244285226885,0.000179688388490845,0.000154668486295917,0.0369612191515979,0.0606163994086205,0.00295689753212783,52787,54171,8708
"Junction.Area",0.15244326882918,0.101976889878881,0.519977725184463,0.12181539746624,0.104413197828205,0.012181539746624,0.199081163859112,0.019838507587359,0.232145343171377,0.0372407072253933,0.0365446192398719,0.0532507308923848,0.105109285813727,0.180982876235556,0.118334957538633,0.0703048865376584,0.000306278713629403,0.000487261589864959,0.0532507308923848,0.0710009745231797,0.00243630794932479,49709,51329,5465
"Keelesdale.Eglinton.West",0.145595948634473,0.129318140712606,0.433170555254115,0.129770302043769,0.161421595225176,0.0207994212334961,0.217941761620546,0.0420510037981552,0.165943208536806,0.0167299692530295,0.00452161331162959,0.0357207451618738,0.0972146862000362,0.143787303309821,0.0737022969795623,0.099475492855851,0.000759631036353771,0.000786760716223549,0.0153734852595406,0.110327364803762,0,33316,36304,3673
"Kennedy.Park",0.162062722653741,0.127022133971851,0.41581498569176,0.146586462652573,0.148922501898032,0.0192723237750394,0.194767272090171,0.018980318869357,0.204695438883373,0.00730012264206039,0.00262804415114174,0.0455527652864568,0.0797173392512994,0.117385972084331,0.0931495649126905,0.0978216434036092,0.000607370203819424,0.000473047947205513,0.0157682649068504,0.0563569467967062,0.00116801962272966,30974,33653,2236
"Kensington.Chinatown",0.0732794650320424,0.186681526887712,0.488158261354138,0.100027862914461,0.150738367233213,0.0267483978824185,0.0612984118138757,0.00919476177208136,0.125104485929228,0.213987183059348,0.0523822791864029,0.115631095012538,0.176372248537197,0.100863750348286,0.0339927556422402,0.0412371134020619,0.000462524380050153,0.000440234048481471,0.0465310671496239,0.048202842017275,0.00278629144608526,37422,42026,8336
"Kingsview.Village.The.Westway",0.192727272727273,0.137272727272727,0.3925,0.115909090909091,0.162954545454545,0.0261363636363636,0.2425,0.0204545454545455,0.121136363636364,0.0122727272727273,0.00204545454545455,0.0556818181818182,0.127954545454545,0.0979545454545455,0.0440909090909091,0.0761363636363636,0.000495454545454545,4e-04,0.0175,0.0645454545454545,0.00181818181818182,36674,37193,5895
"Kingsway.South",0.170423902491641,0.118649552367598,0.350016179484414,0.145076043576745,0.215187142703053,0.0350555495631539,0.238377737029447,0.0129435875310107,0.12781792686873,0.0124042713838852,0.00323589688275267,0.0447632402114119,0.0927623773055765,0.149929888900874,0.078740157480315,0.0345162334160285,0.000819760543630676,0.00078740157480315,0.0711897314205587,0.0328982849746521,0.00431452917700356,144642,141819,33859
"Lambton.Baby.Point",0.212273011897307,0.113337507827176,0.414527238572323,0.13149655604258,0.128365685660614,0.0175328741390106,0.201628052598622,0.0169067000626174,0.175328741390106,0.0175328741390106,0.0156543519098309,0.0356919223544145,0.0964308077645585,0.152160300563557,0.0932999373825924,0.0569818409517846,0.00115216030056356,0.000776455854727614,0.0488415779586725,0.0432060112711334,0.00313087038196619,76629,77782,20200
"L.Amoreaux",0.139113040711022,0.130247993999045,0.391198599777237,0.134794171800059,0.20435069215557,0.0305730457118178,0.227422544495715,0.0277316845861842,0.133998590684882,0.00841042893187553,0.00193212556543086,0.0420521446593776,0.109449230559407,0.105925942763621,0.0528493169367854,0.0921737549155548,0.000261405223558293,0.000229581978951197,0.0229581978951197,0.0513718091514559,0.00261405223558293,31826,33729,3809
"Lansing.Westgate",0.149715416975996,0.130227666419203,0.469561989606533,0.118163820836427,0.133630289532294,0.022271714922049,0.229213066072754,0.0120638455827765,0.18652561247216,0.0327889136352388,0.00185597624350408,0.0618658747834694,0.113523880227666,0.149096758228161,0.0872308834446919,0.0575352635486266,0.000420687948527592,0.000470180648354368,0.0528953229398664,0.0510393466963623,0.00556792873051225,72371,69048,25306
"Lawrence.Park.North",0.224549873348395,0.114328746491408,0.409392756897378,0.118094064489628,0.132470733210105,0.0181419867186965,0.209830902991716,0.013349763811871,0.184500581912782,0.0232765112617238,0.00581912781543096,0.0475799274320531,0.13349763811871,0.177996850824947,0.0640104059697405,0.0201957965359074,0.000444992127062367,0.000417607996166222,0.0622988977887314,0.0294379407133566,0.00342301636201821,111730,116617,15647
"Lawrence.Park.South",0.187430001976415,0.13801963238685,0.386718492654325,0.139337242242572,0.147242901376902,0.0207523552276171,0.229264114895579,0.0200935502997562,0.142301864417946,0.0276698069701561,0.00889386652612162,0.049739772053495,0.127149351077146,0.171948086171685,0.0592924435074774,0.028328611898017,0.000421635153830951,0.000559984188681731,0.0685157124975295,0.0382106858159299,0.00527043942288688,169203,160251,49089
"Leaside.Bennington",0.195210363679582,0.129248870929403,0.383586879011172,0.139053957689565,0.15153315902068,0.0237699072973615,0.265925837889232,0.0207986688851913,0.10666745899691,0.0300095079629189,0.0139648205371999,0.0719039695745187,0.158961255051105,0.120335155692893,0.0570477775136677,0.0326836225338721,0.000368433563109104,0.00045757071547421,0.06180175897314,0.0332778702163062,0.00326836225338721,125564,129429,21732
"Little.Portugal",0.0899800758403496,0.103155729802687,0.603187865544058,0.0851597146346166,0.119223600488463,0.0163892280994923,0.164213638408638,0.0176746577543544,0.221736615463719,0.0858024294620477,0.0809820682563147,0.0681277717076933,0.191207661160743,0.18060286650813,0.0751976348094351,0.0617006234333826,0.000417764637830195,0.000404910341281573,0.0613792660196671,0.0706986310174176,0.00289221672343981,45737,47866,6269
"Long.Branch",0.132387941293138,0.112058706862356,0.46658072193574,0.150733835779453,0.13932963109877,0.0138833796112654,0.311880206267354,0.0228084093613645,0.157179690598969,0.0173542245140817,0.0109083696945656,0.0763585878619595,0.14081713605712,0.14379214597382,0.0664418881396271,0.0961919873066244,0.000723919079730266,0.000714002380007933,0.0421459738199127,0.0674335581118604,0.000991669972233241,47384,48818,6802
"Malvern",0.1806183495456,0.151162259670274,0.40793259350596,0.126387176325524,0.134493309585788,0.0101612092980774,0.246266611864639,0.0319678494770973,0.146709594921679,0.00970452573411883,0.0013700506918756,0.0575421290587752,0.102411289217701,0.104009681691556,0.0538886605471069,0.121021144449011,0.00023975887107823,0.000242042288898023,0.0129013106818286,0.0561720783668996,0.00296844316573047,29573,31240,1373
"Maple.Leaf",0.148353278607457,0.125111264958956,0.406487983384433,0.119177133814657,0.200771437048759,0.0375828305805558,0.246760953417071,0.0222529917911186,0.160221540896054,0.0178023934328949,0.000989021857383048,0.0563742458708337,0.132528928889328,0.117199090099891,0.0593413114429829,0.0885174562357828,0.000761546830184947,0.000850558797349421,0.0138463060033627,0.0746711502324201,0,37108,38895,5030
"Markland.Wood",0.126966079211673,0.11038468826985,0.341102899374645,0.164392647337502,0.256300928557893,0.0506916808792875,0.286621186280083,0.0260564714800076,0.102804623839303,0.0170551449687322,0.00379003221527383,0.0819594466552966,0.127913587265492,0.0947508053818457,0.0630092855789274,0.0753268902785674,0.000606405154443813,0.00055902975175289,0.039321584233466,0.0544817130945613,0.00473754026909229,62378,58304,13559
"Milliken",0.138303477344573,0.120239349691404,0.3975989763661,0.151663405088063,0.192495860304079,0.0331175673641427,0.246123739274424,0.043090471172663,0.0944603341863616,0.00677404786993828,0.0015053439710974,0.0455366551256962,0.116664157760048,0.101046214059913,0.0417732951979527,0.0882507903055848,0.000353755833207888,0.000361282553063375,0.0171232876712329,0.0509935270209243,0.00413969592051784,28085,29634,3236
"Mimico..includes.Humber.Bay.Shores.",0.103197503238723,0.0886232481450948,0.520992815922742,0.136026380873866,0.151925568248734,0.0166352608644447,0.326669414674361,0.0223766340831469,0.148392415498763,0.0148686844894594,0.00912731127075727,0.0524084324578966,0.127487928394771,0.165469320456954,0.0937757625721352,0.0898009657284183,0.000203156283123307,0.000161936167706984,0.051525144270404,0.0716935578848192,0.003680367447886,54438,55527,9920
"Morningside",0.164995703236895,0.154110570037239,0.391864795187625,0.134918361501003,0.154397020910914,0.0203380120309367,0.24291034087654,0.0289315382411916,0.142366084216557,0.00744772271555428,0.000572901747350329,0.0438269836723002,0.100257805786308,0.105413921512461,0.0630191922085362,0.115153251217416,0.000681753079346892,0.000613004869664852,0.0177599541678602,0.0644514465769121,0.00114580349470066,32291,32952,2616
"Moss.Park",0.0750999707402711,0.100458402418804,0.611040671023115,0.121671705842193,0.0926558080561787,0.00682727006729738,0.10704184141227,0.00804642543645762,0.16068467765532,0.190919730810494,0.0336486881888228,0.0948502877206671,0.216034331415196,0.11898956403004,0.0377938164439676,0.0407197893299522,0.000375499853701356,0.000307227153028382,0.0485223836925778,0.0521798498000585,0.00365746610748074,58915,65762,9866
"Mount.Dennis",0.176193629073788,0.133524608254249,0.436253954241154,0.12947840800412,0.12396086220849,0.019495328477893,0.20047083057456,0.0242772015007725,0.196056793938056,0.00919590965938351,0.0018391819318767,0.0308982564555286,0.0879128963437063,0.120282498344736,0.0735672772750681,0.123593025822114,0.00087545059957331,0.00071360258956816,0.0150812918413889,0.0868093871845803,0.00257485470462738,30827,31865,2113
"Mount.Olive.Silverstone.Jamestown",0.215148388662985,0.159009528433574,0.413151665958609,0.105450021241731,0.108029374279298,0.00910359895612065,0.211355222431268,0.028221156763974,0.124719305698853,0.0116829519936882,0.00106208654488074,0.0432420950415731,0.116070886690538,0.0990775019724464,0.0408144686532743,0.0828427505006979,0.000391454755113188,0.000345936760332585,0.00986223220246404,0.0585664866177095,0.00151726649268678,26548,28126,2088
"Mount.Pleasant.East",0.177645305514158,0.101639344262295,0.45424739195231,0.120417287630402,0.146348733233979,0.0154992548435171,0.214008941877794,0.0184798807749627,0.172280178837556,0.0402384500745156,0.0128166915052161,0.0533532041728763,0.140387481371088,0.165126676602086,0.0655737704918033,0.0381520119225037,0.000387481371087928,0.000435171385991058,0.071833084947839,0.0390461997019374,0.00506706408345753,85340,84248,16527
"Mount.Pleasant.West",0.0802481623845168,0.0849686425247825,0.576572931418167,0.102164677321465,0.155270078899454,0.0316946523703554,0.159990559039719,0.0124755546564165,0.31812664373862,0.0620405961292063,0.00842942882190303,0.0581630588711309,0.156955964663834,0.215119023534965,0.0773821565850698,0.0566457616831883,0.00022253692089824,0.000229280463955762,0.0524310472722368,0.0453503270618383,0.00505765729314182,57039,57252,10500
"New.Toronto",0.140451888685335,0.121259705138271,0.454941987263369,0.137834772747099,0.133036726860333,0.0122132077117683,0.2612754078339,0.0209369275058885,0.158335514263282,0.0231178574544186,0.0135217656808863,0.0580127366308994,0.110791241385327,0.131291982901509,0.0772049201779639,0.105993195498561,0.0008200296606473,0.000689173863735497,0.0322777632382448,0.0645555264764896,0.00130855796911803,44101,47334,5417
"Newtonbrook.East",0.0984655525874387,0.135739578803504,0.426166366403678,0.1338758774927,0.206249611728894,0.0416226626079394,0.201590358451885,0.0183263962228987,0.168043734857427,0.0167733117972293,0.00217431819593713,0.0406908119525377,0.0931850655401628,0.125489221594086,0.0770329875132012,0.0742374355469963,0.000590172081754364,0.000496987016214201,0.0397589612971361,0.0531154873578928,0.00745480524321302,45212,46259,17177
"Newtonbrook.West",0.117913641895011,0.139524149217406,0.436825982963367,0.130502286937183,0.174772355335487,0.0287440728462926,0.199739834669128,0.0262263438378583,0.190298350887499,0.0197222105660694,0.00230791825773153,0.046997608157442,0.102597457093701,0.12588645042172,0.0778397885107633,0.0895891905501238,0.000356678276194872,0.000356678276194872,0.0293735050984012,0.0692375477319458,0.00545507951827452,34904,36155,9512
"Niagara",0.0659076330981398,0.0774534958306607,0.747915330339961,0.0604554201411161,0.0484284797947402,0.00304682488774856,0.218729955099423,0.0205259781911482,0.223380372033355,0.162604233483002,0.0426555484284798,0.0792174470814625,0.237171263630532,0.225465041693393,0.0811417575368826,0.054361770365619,0.000153944836433611,0.000131494547787043,0.0711994868505452,0.0610968569595895,0.00513149454778704,70623,71623,8224
"North.Riverdale",0.164484726418261,0.0981873111782477,0.460725075528701,0.138049681101041,0.139308492782813,0.0117489090298758,0.162806310842565,0.0146861362873447,0.195955018462571,0.0583249412554548,0.0516112789526687,0.0646189996643169,0.17959046659953,0.161127895266868,0.0528700906344411,0.0360859348774757,0.00040281973816717,0.000478348439073515,0.0738502853306479,0.0360859348774757,0.00167841557569654,73253,73304,12709
"North.St..James.Town",0.123019070641955,0.121676067687349,0.556003223207091,0.105828632822992,0.0934730056406124,0.0118184260005372,0.0692989524576954,0.0075208165457964,0.28095621810368,0.104485629868386,0.0255170561375235,0.0539887187751813,0.160623153370937,0.151490733279613,0.0598979317754499,0.069836153639538,0.000682245500940102,0.000461993016384636,0.0249798549556809,0.0513027128659683,0.0016116035455278,32648,35246,4351
"Oakridge",0.206933911159263,0.121343445287107,0.436980859516071,0.11520404478151,0.119537739256049,0.0184182015167931,0.129649693029975,0.00938967136150235,0.196821957385338,0.0176959191043698,0.0025279884434814,0.0382809678584327,0.0686168291802095,0.109425785482124,0.0707836764174792,0.0725893824485374,0.00109786926688335,0.00101841820151679,0.0173347778981582,0.0635608522932467,0.00180570603105814,26793,29081,2170
"Oakwood.Village",0.147571900047148,0.107260726072607,0.44955209806695,0.122112211221122,0.174446016030174,0.0254596888260255,0.18033946251768,0.0193305044790193,0.232437529467232,0.0183875530410184,0.0202734559170203,0.0355964167845356,0.109146628948609,0.175860443187176,0.0891089108910891,0.0676567656765677,0.000320603488920321,0.000325318246110325,0.0353606789250354,0.0813295615275813,0.00306459217350306,39803,42629,4567
"O.Connor.Parkview",0.166532797858099,0.127710843373494,0.420615796519411,0.14190093708166,0.144042838018742,0.0230254350736278,0.216331994645248,0.0200803212851406,0.173493975903614,0.0131191432396252,0.00508701472556894,0.0444444444444444,0.108165997322624,0.117536813922356,0.0797858099062918,0.0829986613119143,0.000556894243641232,0.000519410977242302,0.0265060240963855,0.0597054886211513,0.00160642570281125,43907,46274,6737
"Old.East.York",0.159211523881729,0.0991010505794433,0.437019386981479,0.138633163652117,0.164626881836889,0.0249106465937398,0.256687967074624,0.0254521823892559,0.168959168201018,0.0184122170475468,0.0157045380699664,0.0574027943247049,0.146214664789343,0.154337701722084,0.0763565471677678,0.0546951153471244,0.000541535795516084,0.00051987436369544,0.0351998267085454,0.0660673670529622,0.00216614318206433,53315,56216,5649
"Palmerston.Little.Italy",0.092579198611312,0.105959785910603,0.567409228988862,0.0911326486330103,0.141761897873572,0.0209749746853754,0.126934760595979,0.0126573123101403,0.200708809489368,0.100535223491972,0.106321423405179,0.0766671488499928,0.203240271951396,0.163098510053522,0.0567770866483437,0.0560538116591928,0.000433964993490525,0.000549688991754665,0.0640098365398525,0.0672645739910314,0.00470128742948069,58071,54358,25245
"Parkwoods.Donalda",0.167791983910358,0.13446343916104,0.424651630512857,0.122539864961931,0.150840396494757,0.0222669156730355,0.246516305128573,0.0235598333572763,0.151558684097112,0.0120672317195805,0.00129291768424077,0.05042378968539,0.11880476942968,0.117942824306852,0.061341761241201,0.0899296078149691,0.000267202988076426,0.000264329837667002,0.0339031748312024,0.0564574055451803,0.00344778049130872,42516,43071,7846
"Pelmo.Park.Humberlea",0.162749487036001,0.127774668905055,0.433221413915314,0.129639992538705,0.14829322887521,0.019119567244917,0.322700988621526,0.0307778399552322,0.128240999813468,0.00792762544301436,0.000932661816825219,0.0568923708263384,0.154355530684574,0.131971647080769,0.0615556799104645,0.0890692035068084,0.000503637381085618,0.00059690356276814,0.0195858981533296,0.0881365416899832,0.000932661816825219,39003,41217,3073
"Playter.Estates.Danforth",0.147360328036904,0.0941824705279344,0.477319323423885,0.124295233213737,0.156330087134803,0.0249871860584316,0.142234751409534,0.0134546386468478,0.253716043054844,0.0454894925679139,0.0326755509994874,0.0493336750384418,0.169144028703229,0.17939518195797,0.055740645822655,0.039723218862122,0.000871348026652998,0.000781650435674013,0.0666324961558175,0.0525371604305484,0.00128139415684264,70831,70908,15057
"Pleasant.View",0.129599190795296,0.13149576431913,0.409027689973448,0.127702617271463,0.201985080288279,0.0224427866986977,0.251612087495259,0.0265520293336705,0.136237198128714,0.00853458085725123,0.00221266911113921,0.0461499557466178,0.122012896699962,0.113794411430016,0.0521557719054242,0.0954608673662916,0.00059425970413453,0.000670122645087875,0.0284486028575041,0.0635352130484258,0.00410924263497282,36346,38509,4170
"Princess.Rosethorn",0.160166500769161,0.142973486562302,0.346122522848611,0.167858112388019,0.183241335625735,0.0294091032485748,0.318070762826894,0.0208125961451452,0.0859650710342955,0.00678671613428649,0,0.0529363858474346,0.141163695593159,0.109944801375441,0.079178354900009,0.0511265948782916,0.000497692516514343,0.000606279974662926,0.0624377884354357,0.0452447742285766,0.00316713419600036,99055,90343,28408
"Regent.Park",0.151346848097751,0.164306211237619,0.51606035360548,0.101823567527539,0.0675738220864575,0.00462834397852448,0.104600573914653,0.0106451911506063,0.207812644635749,0.0814588540220309,0.0277700638711469,0.0509117837637693,0.15319818568916,0.130982134592243,0.0462834397852448,0.0569286309358512,0.000870128667962603,0.000907155419790799,0.0337869110432287,0.0583171341294085,0.00231417198926224,34597,38576,5988
"Rexdale.Kipling",0.155760281128312,0.128692183493209,0.408395859055941,0.144363187387216,0.164308101434134,0.0284927343527401,0.278279038845095,0.022319308576313,0.127742425681451,0.01424636717637,0.002374394529395,0.0645835311995441,0.1424636717637,0.105897996011017,0.0531864374584481,0.0831038085288252,0.00110171906163928,0.000987748124228322,0.012821730458733,0.0660081679171811,0.000949757811758002,34418,35988,2347
"Rockcliffe.Smythe",0.157556414636339,0.123168210015284,0.416029848062573,0.138901375528185,0.164299199856154,0.0215769127034074,0.218466241121999,0.0310168120111481,0.163175402319518,0.0161826845275555,0.00382091162456172,0.0404567113188888,0.101816056819203,0.123392969522611,0.0838352962330307,0.0865324103209566,0.000440528634361233,0.000386586352602715,0.0188797986154814,0.0883304863795739,0.0022475950732716,34059,36149,2510
"Roncesvalles",0.153599572592494,0.0871510618405236,0.53359155870175,0.11286229464405,0.112194470415387,0.0123547482302658,0.156270869507146,0.0130225724589288,0.189995993054628,0.0477494323494056,0.0717911045812742,0.0560972352076933,0.142246560705222,0.158942166421798,0.0731267530386002,0.0577667957793509,0.00043408574863096,0.000474155202350741,0.0694537197809536,0.0554294109790303,0.00500868171497262,50580,54542,7275
"Rosedale.Moore.Park",0.125460020073603,0.104430530994599,0.378769774888878,0.144816708884959,0.245662667877455,0.0358457200210295,0.163934426229508,0.0143382880084118,0.168713855565645,0.0573531520336472,0.0155331453424461,0.0740811547101276,0.187114658509774,0.10586435979544,0.0334560053529609,0.0291545189504373,0.000320221765521197,0.000258089184151412,0.0795774984466855,0.0317832050853128,0.00621325813697844,207903,197930,69779
"Rouge",0.171197522367515,0.144098417068135,0.398098761183758,0.143883344803854,0.142485375086029,0.0147324501032347,0.293896249139711,0.0324759119064005,0.127645388850654,0.00473158981417756,0.000430144528561597,0.050649518238128,0.110116999311769,0.110654679972471,0.0717266001376462,0.118934962147281,0.000176359256710255,0.000174208534067447,0.0227976600137646,0.0497892291810048,0.00107536132140399,39556,41075,3546
"Runnymede.Bloor.West.Village",0.203574975173784,0.0953326713008937,0.457298907646475,0.120655412115194,0.123634558093347,0.019364448857994,0.217974180734856,0.00943396226415094,0.194637537239325,0.0253227408142999,0.0263157894736842,0.0402184707050645,0.0913604766633565,0.179245283018868,0.113704071499503,0.0501489572989076,0.000476663356504469,0.00054617676266137,0.0714995034756703,0.0476663356504469,0.00248262164846077,71888,73644,8813
"Rustic",0.195151393219998,0.141333869832009,0.363645508500151,0.112161754350669,0.187606880595514,0.0367166281058244,0.191630620661905,0.0201187003319586,0.137813097273916,0.00905341514938135,0,0.0342017905643295,0.101599436676391,0.108138014284277,0.0487878483049995,0.0684035811286591,0.000794688663112363,0.00101599436676391,0.0125741877074741,0.0628709385373705,0.00201187003319586,31800,32836,6118
"Scarborough.Village",0.201207845013155,0.141114565893327,0.399724946185123,0.125269074384119,0.133042334369768,0.0257115522602248,0.183269552738579,0.0209280076536714,0.15367137048553,0.0125568045922028,0,0.0364745276249701,0.0846089452284143,0.085505859842143,0.0612891652714662,0.106134895957905,0.00078928486008132,0.000765367137048553,0.0167424061229371,0.0508251614446305,0.00209280076536714,32913,34067,5567
"South.Parkdale",0.0968007689139091,0.104123758524418,0.569362442217035,0.113277495537553,0.116252460066822,0.0164767266236441,0.11945626802142,0.0102979541397776,0.264771843104948,0.0597281340107099,0.0524051444002014,0.0517186141242162,0.142569453979587,0.167284543915053,0.0730010526797565,0.0773490777609959,0.000366149480525424,0.000411918165591103,0.0366149480525425,0.0675088104718751,0.00137306055197034,35207,37823,4661
"South.Riverdale",0.142595781317262,0.087709857942316,0.538994116802985,0.111924235901851,0.119457597933706,0.0186540393169752,0.179365762663223,0.0234969149088822,0.190665805711006,0.0511192423590185,0.041074759649878,0.0604462620175061,0.158379968431626,0.157841871143636,0.0636748457454441,0.0536303630363036,0.000229588176208925,0.000240350121968719,0.0593700674415268,0.0554240206629359,0.00251112067728512,53803,59354,5950
"St.Andrew.Windfields",0.148495396362003,0.142600494048956,0.381765102178307,0.147372557826185,0.18161913316865,0.0230181899842803,0.255726476532675,0.0137547720637772,0.110880305412082,0.0151583202335504,0.00112283853581855,0.0412643161913317,0.123792948573995,0.13193352795868,0.0561419267909275,0.048001347406243,0.000494048955760162,0.00044913541432742,0.0656860543453851,0.037895800583876,0.00814057938468448,100516,97657,33752
"Steeles",0.12792917191244,0.109044389392032,0.385818137513707,0.142752710880071,0.233724566462251,0.0387848759290095,0.237988872192665,0.0395971246395646,0.0891442959834301,0.00995004670430086,0.000812248710555172,0.052999228363725,0.115745441254112,0.0974698452666206,0.0406124355277586,0.0737115704828819,0.000438614303699793,0.000341144458433172,0.0217276530073509,0.0552329123177517,0.00324899484222069,31786,33880,5382
"Stonegate.Queensway",0.162069378467925,0.0995968224821364,0.425531914893617,0.146101952017884,0.166260827911061,0.0299389245938286,0.283022633826993,0.0175641690950461,0.139914574268492,0.0151690551275398,0.00938086303939963,0.0588798850345296,0.121352441020319,0.143507245219752,0.0896171809508602,0.0562851782363977,0.000283421819488244,0.000243503253363139,0.0514949503013852,0.0654664484451719,0.00259470679813181,64140,64645,11103
"Tam.O.Shanter.Sullivan",0.1415506813379,0.117503461342272,0.388945565838374,0.127887488158566,0.224440719959193,0.0444509218100998,0.216789331778766,0.0256868031771479,0.139182394520149,0.0109305545434672,0.0012752313634045,0.0440865699919843,0.120236099978139,0.104386795890111,0.045179625446331,0.0841652699846972,0.000327916636304015,0.000342490709028638,0.0247759236318589,0.0482766159003133,0.00510092545361801,34200,36529,4325
"Taylor.Massey",0.188101766243703,0.107759994898935,0.483325894280431,0.1115857935344,0.108716444557801,0.0172160938595932,0.123700822546707,0.0086080469297966,0.27067525345916,0.0165784607536823,0.00350698208250972,0.0267805904482561,0.0666326595676848,0.146974430912453,0.102977746604604,0.0819358541095454,0.000892686348275202,0.000592998788497099,0.0194478097302812,0.0551552636612893,0.00318816552955429,30430,32458,3318
"The.Beaches",0.177354291278342,0.0962118050725646,0.44466082440766,0.145592803820652,0.137014883850327,0.0122872907683034,0.23948625214448,0.0273566096350906,0.138869569249316,0.0347753512310474,0.026429266935596,0.0602772754671489,0.141883433022674,0.13910140492419,0.0836926786293875,0.0484536560485928,0.000278202809848379,0.000250382528863542,0.0783604581072936,0.0465989706496036,0.00324569944823109,92580,90228,19331
"Thistletown.Beaumond.Heights",0.166988416988417,0.136100386100386,0.401544401544402,0.11534749034749,0.181467181467181,0.0337837837837838,0.276061776061776,0.0308880308880309,0.0994208494208494,0.0106177606177606,0.00144787644787645,0.0632239382239382,0.126930501930502,0.117277992277992,0.0468146718146718,0.0661196911196911,0.00104247104247104,0.000945945945945946,0.0183397683397683,0.0748069498069498,0,32815,34385,3020
"Thorncliffe.Park",0.265302255069168,0.116306613606216,0.427326132272124,0.0788800454803866,0.112042827364033,0.0201345461436422,0.134309266628766,0.0137388667803676,0.151127534584044,0.0267671025203714,0.00260564714800076,0.0478491567178321,0.0741425052112943,0.0916714042069358,0.058982376350199,0.0611142694712905,0.000596930073905628,0.000606405154443813,0.0161076369149138,0.0634830396058366,0.00260564714800076,28875,31231,6004
"Trinity.Bellwoods",0.105399855037449,0.098453732785697,0.556293790770718,0.0981517274704035,0.141942498187968,0.0199323508093742,0.125332205846823,0.0190263348634936,0.157344769267939,0.106305870983329,0.0833534670210196,0.0706692437786905,0.183921237013771,0.146170572602078,0.0516429089151969,0.046206813239913,0.000320125634211162,0.000410727228799227,0.0661391640492873,0.0667431746798744,0.00543609567528389,50694,53805,7952
"University",0.0742736952806625,0.195214933613777,0.471933745234652,0.0854476140397003,0.173524385434468,0.0400946496647824,0.0769028526357303,0.0118312080978047,0.165636913369265,0.124884974365716,0.0729591166031287,0.088076771394768,0.169580649401867,0.125542263704483,0.0420665176810832,0.0341790456158801,0.00105166294202708,0.00116997502300513,0.0657289338766925,0.0479821217299855,0.00591560404890233,50757,49661,11686
"Victoria.Village",0.150199885779555,0.115933752141633,0.409480296973158,0.129640205596802,0.194460308395203,0.0325528269560251,0.208452312964021,0.018275271273558,0.172758423757853,0.0148486579097658,0.00114220445459737,0.0508280982295831,0.10422615648201,0.0942318675042833,0.0802398629354655,0.0896630496858938,0.000571102227298686,0.000571102227298686,0.0219874357509994,0.0516847515705311,0.0019988577955454,35786,38096,4542
"Waterfront.Communities.The.Island",0.0553760259736319,0.118944669488568,0.684311137408402,0.0710026853579719,0.0703199672295298,0.00553760259736319,0.138060777084945,0.0115303506136877,0.165597074932107,0.316401923747971,0.0238192769256444,0.140033073900445,0.27688012986816,0.151032421525344,0.050369426365057,0.046121402454751,9.25462351888095e-05,6.5237510051128e-05,0.0638720737942439,0.0460455448849241,0.00728232670338173,70600,72028,10334
"West.Hill",0.169209988317757,0.144202686915888,0.392997955607477,0.138179030373832,0.154789719626168,0.0228168808411215,0.21831191588785,0.0233644859813084,0.14566296728972,0.0105870327102804,0.00109521028037383,0.0370546144859813,0.0896247079439252,0.0940055490654206,0.0635221962616822,0.119560455607477,0.000423481308411215,0.000419830607476636,0.0180709696261682,0.0573160046728972,0.00200788551401869,33323,35383,3032
"West.Humber.Clairville",0.151897214217099,0.163454610951009,0.415615994236311,0.119776657060519,0.149495677233429,0.0184618155619597,0.283531460134486,0.0342219020172911,0.131484149855908,0.0127581652257445,0.00180115273775216,0.0697946685878962,0.139589337175792,0.118725984630163,0.048481027857829,0.0903578290105668,0.000297190201729107,0.000276176753121998,0.0139589337175793,0.0699447646493756,0.00315201729106628,31771,33340,2636
"Westminster.Branson",0.13092791352668,0.127692776128492,0.413526680368425,0.133211539925402,0.19525005709066,0.0380604399786862,0.212567557280962,0.0209332419882774,0.200768820887569,0.0131308517926467,0.00228362639872117,0.0348253025804978,0.10371469894192,0.133782446525082,0.0772626931567329,0.10371469894192,0.000338737915810307,0.000361574179797518,0.0285453299840146,0.0700312095607825,0.00418664839765548,32724,33115,6938
"Weston",0.17229879946643,0.123666073810582,0.432692307692308,0.135060026678524,0.13589373054691,0.0219542018674967,0.223154735437972,0.0238995108937305,0.16535126722988,0.015840373499333,0.0016674077367719,0.0397398843930636,0.111994219653179,0.123666073810582,0.0614161849710983,0.0969875500222321,0.000611382836816363,0.000572476656291685,0.016118274788795,0.0719764339706536,0.000833703868385949,32997,35270,2528
"Weston.Pelham.Park",0.15092809515228,0.127500450531627,0.475310866822851,0.127500450531627,0.119390881239863,0.0135159488196071,0.186520093710578,0.0373941250675797,0.198233916020905,0.0202739232294107,0.0184717967201298,0.0391962515768607,0.0923589836006488,0.158587132816724,0.0856010091908452,0.091007388718688,0.000693818706073166,0.000828978194269238,0.0238781762479726,0.0968642998738511,0,33528,36779,2438
"Wexford.Maryvale",0.15098327184153,0.13074470752588,0.407636923738224,0.14113264319232,0.168893505749185,0.0324175233728553,0.25163878640255,0.0213131783501093,0.149371350789841,0.0136117777698177,0.00286563742522477,0.0569545438263424,0.117312032095139,0.112834473618225,0.072178242647849,0.0831034853315184,0.000336712397463911,0.000300891929648601,0.0223877923845685,0.0709245262743131,0.00250743274707168,35047,36566,3330
"Willowdale.East",0.117381131776183,0.137605583534917,0.512551056826744,0.108260300590871,0.124320894634572,0.0164571519213229,0.196097870484197,0.0137803862473728,0.186183923543641,0.0307332355157235,0.000991394694055597,0.0406471824562795,0.107665463774438,0.144545346393306,0.0827814569536424,0.0561129396835468,0.000186382202482452,0.000150691993496451,0.0490740373557521,0.0444144822936908,0.00981480747115041,45326,51669,9798
"Willowdale.West",0.105396787907416,0.131672177609825,0.441662730278696,0.122224846480869,0.198984411903637,0.0386750118091639,0.19248937175248,0.0162376003778932,0.16798535663675,0.0239135569201701,0.00324752007557865,0.0401511572980633,0.0991969768540387,0.129900803023146,0.0761691072272083,0.0619981105337742,0.000590458195559754,0.000566839867737364,0.0451700519603212,0.0374940954180444,0.0064950401511573,44576,49035,9440
"Willowridge.Martingrove.Richview",0.160453150388157,0.118478064632605,0.367394836613107,0.131115724860083,0.221384726484925,0.0399440332189926,0.280736595053259,0.0232442679183968,0.107420111933562,0.00631883011373894,0.00090269001624842,0.0521303484383463,0.142850695071313,0.104712041884817,0.0528073659505326,0.0697328037551905,0.000410723957393031,0.000352049106336884,0.0230185954143347,0.053710055966781,0.00338508756093158,44177,44908,6753
"Woburn",0.17995699728896,0.143217724595681,0.410301953818828,0.116761708890343,0.149761615406189,0.021127418902496,0.215107039356829,0.0262690473964663,0.142750303823502,0.0145835280919884,0.000841357389922408,0.0512293166308311,0.100215013555202,0.0987192670842292,0.0541273254183416,0.0994671403197158,0.000215013555202393,0.000183228942694213,0.015331401327475,0.0516032532485744,0.00196316724315229,30878,32810,3124
"Woodbine.Corridor",0.185391914520373,0.0825293038832629,0.491587592695957,0.129574994019616,0.110039071844351,0.0135555378358983,0.197751375488398,0.0131568455466071,0.202535682959892,0.0271110756717965,0.0303006139861255,0.0422613826648593,0.115620763894426,0.171038992105893,0.0873136113547564,0.0586077665257954,0.00051032613029264,0.000709672274938203,0.0578103819472131,0.0494378438720995,0.0015947691571645,55199,60207,4620
"Woodbine.Lumsden",0.148124602670057,0.0858232676414495,0.481881754609027,0.146217418944692,0.139224411951685,0.0158931977113795,0.214240305149396,0.0152574698029243,0.24666242848061,0.0184361093452003,0.0222504767959313,0.0470438652256834,0.114431023521933,0.180546726001271,0.116338207247298,0.0629370629370629,0.000851875397329943,0.000851875397329943,0.0336935791481246,0.0661157024793388,0.00127145581691036,47710,51310,3920
"Wychwood",0.129625757892536,0.0919924733430901,0.447417938532302,0.111157571956234,0.219527493205101,0.0613283155620601,0.152623876228309,0.013589797198411,0.209422259390898,0.0365879155341836,0.0425116732873371,0.0407693915952331,0.140776360722002,0.164122935396195,0.0637675099310056,0.0501777127325946,0.000299672451041884,0.000397240225799707,0.0592375775315353,0.0536622761168026,0.00139382535368318,54460,56444,13250
"Yonge.Eglinton",0.152322924600152,0.103664212575104,0.495895743420496,0.112126597275112,0.135398155200135,0.013962934755014,0.166708978590167,0.0131166962850131,0.248370990945248,0.0537361428450537,0.0122704578150123,0.0588135736650588,0.149361089955149,0.187441821105187,0.0672759583650673,0.0397732080900398,0.000702377930100702,0.000465431158500465,0.0719302699500719,0.0346957772700347,0.00211559617500212,89330,86328,18420
"Yonge.St.Clair",0.0965836526181354,0.0734355044699872,0.4757343550447,0.122924648786718,0.231880587484036,0.0375159642401022,0.163633461047254,0.0123722860791826,0.253033205619413,0.0570721583652618,0.0123722860791826,0.0622605363984674,0.180795019157088,0.175207535121328,0.0502873563218391,0.0367177522349936,0.000494891443167305,0.000446998722860792,0.0670498084291188,0.0439016602809706,0.00399106002554278,114174,100017,43565
"York.University.Heights",0.14659515094408,0.172145109266843,0.445402819555684,0.107454789258145,0.127930996991991,0.0144964302540499,0.215453194650817,0.024100315297358,0.19588301380785,0.021201029246548,0.00416772369803936,0.0494690682419454,0.11887072808321,0.124306889428478,0.0581669263943754,0.112166129090711,0.000416772369803936,0.000358786648787736,0.0137716087413474,0.068495632950386,0.00217446453810749,29958,31161,3117
"Yorkdale.Glen.Park",0.132396649554175,0.126317211564442,0.395838962442583,0.12226425290462,0.222574979735207,0.0523507160226966,0.216495541745474,0.0239800054039449,0.162118346392867,0.02431775195893,0.00202647932991084,0.0574169143474737,0.119562280464739,0.14658200486355,0.0570791677924885,0.0543771953526074,0.000520129694677114,0.000560659281275331,0.0155363415293164,0.0692380437719535,0.00135098621994056,38527,40770,5339
